{
  "normalization_csv": "results/09-normalization-check/normalization_check.csv",
  "high_mass_threshold": 1e-31,
  "all_mean": 1.0656441882803094,
  "all_rms_fractional_scatter": 0.25102464226199056,
  "low_mean": 1.171085222615267,
  "low_rms_fractional_scatter": 0.31072530151353095,
  "high_mean": 0.9793742510971625,
  "high_rms_fractional_scatter": 0.07383074942115803
}